snapshot_id,dataset_sha256,notice_id,source_url,raw_ref,expected_title,expected_buyer,expected_buyer_country,expected_cpv_code,expected_cpv_description,expected_publication_date,expected_deadline,expected_estimated_value,expected_currency,expected_qa_note,title_match,buyer_match,cpv_match,publication_date_match,deadline_match,value_match,review_status,reviewed_by,reviewed_at,review_notes
8579e3490b10c06439682b8967de7f29d470c00210eec678a9d31e9e069d2329,cbca41c41f531e5f18e466021aed36a328072c2310051e3660d95b982966e832,675460-2026,https://ted.europa.eu/en/notice/-/detail/675460-2026,raw/page-0001.json#/notices/244,IT- och verksamhetskonsulter,AB Svenska Spel,SWE,72000000,"IT services: consulting, software development, Internet and support",2026-10-01,2026-11-05,320000000,SEK,,match,match,match,match,match,match,reviewed,Pavel,2026-10-04,Review carried forward after a QA-note clarification; source fields and expected business values are unchanged.
8579e3490b10c06439682b8967de7f29d470c00210eec678a9d31e9e069d2329,cbca41c41f531e5f18e466021aed36a328072c2310051e3660d95b982966e832,674137-2026,https://ted.europa.eu/en/notice/-/detail/674137-2026,raw/page-0002.json#/notices/39,Wdrożenie elektronicznej karty znieczulenia w obrębie Centralnego Bloku Operacyjnego wraz z integracją z systemem Eskulap oraz dostawą niezbędnego sprzętu komputerowego,WIELKOPOLSKIE CENTRUM ONKOLOGII IM. MARII SKŁODOWSKIEJ-CURIE,POL,48000000,Software package and information systems,2026-09-30,,,,MULTI_LOT_DEADLINE_OMITTED; MISSING_PROCEDURE_ESTIMATED_VALUE,match,match,match,match,not_applicable,not_applicable,reviewed,Pavel,2026-10-04,Review carried forward after a QA-note clarification; source fields and expected business values are unchanged.
8579e3490b10c06439682b8967de7f29d470c00210eec678a9d31e9e069d2329,cbca41c41f531e5f18e466021aed36a328072c2310051e3660d95b982966e832,677656-2026,https://ted.europa.eu/en/notice/-/detail/677656-2026,raw/page-0001.json#/notices/159,Provision of Electronic Signing and PDF Editing Software,Housing and Sustainable Communities Agency,IRL,48311000,Document management software package,2026-10-01,2026-10-23,150000,EUR,,match,match,match,match,match,match,reviewed,Pavel,2026-10-04,Review carried forward after a QA-note clarification; source fields and expected business values are unchanged.
8579e3490b10c06439682b8967de7f29d470c00210eec678a9d31e9e069d2329,cbca41c41f531e5f18e466021aed36a328072c2310051e3660d95b982966e832,677345-2026,https://ted.europa.eu/en/notice/-/detail/677345-2026,raw/page-0001.json#/notices/174,Cjelovito multimedijsko rješenje,Nacionalna i sveučilišna knjižnica u Zagrebu,HRV,72212500,Communication and multimedia software development services,2026-10-01,2026-11-02,229448,EUR,,match,match,match,match,match,match,reviewed,Pavel,2026-10-04,Review carried forward after a QA-note clarification; source fields and expected business values are unchanged.
8579e3490b10c06439682b8967de7f29d470c00210eec678a9d31e9e069d2329,cbca41c41f531e5f18e466021aed36a328072c2310051e3660d95b982966e832,677185-2026,https://ted.europa.eu/en/notice/-/detail/677185-2026,raw/page-0001.json#/notices/185,SOC-tjänster,Tekniska verken i Linköping AB (publ),SWE,72222300,Information technology services,2026-10-01,,50000000,SEK,MULTI_LOT_DEADLINE_OMITTED,match,match,match,match,not_applicable,match,reviewed,Pavel,2026-10-04,Review carried forward after a QA-note clarification; source fields and expected business values are unchanged.
8579e3490b10c06439682b8967de7f29d470c00210eec678a9d31e9e069d2329,cbca41c41f531e5f18e466021aed36a328072c2310051e3660d95b982966e832,675869-2026,https://ted.europa.eu/en/notice/-/detail/675869-2026,raw/page-0001.json#/notices/229,Integratieplatform HTM,HTM Personenvervoer N.V.,NLD,72263000,Software implementation services,2026-10-01,2026-11-09,,,MISSING_PROCEDURE_ESTIMATED_VALUE,match,match,match,match,match,not_applicable,reviewed,Pavel,2026-10-04,Review carried forward after a QA-note clarification; source fields and expected business values are unchanged.
8579e3490b10c06439682b8967de7f29d470c00210eec678a9d31e9e069d2329,cbca41c41f531e5f18e466021aed36a328072c2310051e3660d95b982966e832,675366-2026,https://ted.europa.eu/en/notice/-/detail/675366-2026,raw/page-0001.json#/notices/249,"SPD8/2026/123 - Tender for the Design, Development and Deployment of a Mobile Application for Identifying Non-Indigenous Species (NIS) in connection with the EMFAF P1.209 Project for Aquatic Resources Malta",Sectoral Procurement Directorate,MLT,72000000,"IT services: consulting, software development, Internet and support",2026-10-01,2026-11-10,140000,EUR,,match,match,match,match,match,match,reviewed,Pavel,2026-10-04,Review carried forward after a QA-note clarification; source fields and expected business values are unchanged.
8579e3490b10c06439682b8967de7f29d470c00210eec678a9d31e9e069d2329,cbca41c41f531e5f18e466021aed36a328072c2310051e3660d95b982966e832,680780-2026,https://ted.europa.eu/en/notice/-/detail/680780-2026,raw/page-0001.json#/notices/20,Rahmenvertrag Standardsoftware,Dataport AöR,DEU,48000000,Software package and information systems,2026-10-02,2026-10-20,,,MISSING_PROCEDURE_ESTIMATED_VALUE,match,match,match,match,match,not_applicable,reviewed,Pavel,2026-10-04,Review carried forward after a QA-note clarification; source fields and expected business values are unchanged.
8579e3490b10c06439682b8967de7f29d470c00210eec678a9d31e9e069d2329,cbca41c41f531e5f18e466021aed36a328072c2310051e3660d95b982966e832,675238-2026,https://ted.europa.eu/en/notice/-/detail/675238-2026,raw/page-0002.json#/notices/7,Resultaatverplichte ICT-/ IV-opdrachten Maatwerk Diensten Applicaties (RVICTO-MDA) 2026-II,"Ministerie van Economische Zaken en Klimaat, Rijksdienst voor Ondernemend Nederland (RVO)",NLD,72000000,"IT services: consulting, software development, Internet and support",2026-10-01,2026-11-30,1070000000,EUR,,match,match,match,match,match,match,reviewed,Pavel,2026-10-04,Review carried forward after a QA-note clarification; source fields and expected business values are unchanged.
8579e3490b10c06439682b8967de7f29d470c00210eec678a9d31e9e069d2329,cbca41c41f531e5f18e466021aed36a328072c2310051e3660d95b982966e832,679336-2026,https://ted.europa.eu/en/notice/-/detail/679336-2026,raw/page-0001.json#/notices/83,Nowy system do zarządzania obiegiem dokumentów - SEZD-2.0,NARODOWY BANK POLSKI,POL,72000000,"IT services: consulting, software development, Internet and support",2026-10-02,2026-10-16,,,MISSING_PROCEDURE_ESTIMATED_VALUE,match,match,match,match,match,not_applicable,reviewed,Pavel,2026-10-04,Review carried forward after a QA-note clarification; source fields and expected business values are unchanged.
8579e3490b10c06439682b8967de7f29d470c00210eec678a9d31e9e069d2329,cbca41c41f531e5f18e466021aed36a328072c2310051e3660d95b982966e832,674236-2026,https://ted.europa.eu/en/notice/-/detail/674236-2026,raw/page-0002.json#/notices/35,Dostawa sprzętu komputerowego dla Wydziału Elektrotechniki i Automatyki Politechniki Gdańskiej,Politechnika Gdańska,POL,48822000,Computer servers,2026-10-01,2026-11-02,,,MISSING_PROCEDURE_ESTIMATED_VALUE,match,match,match,match,match,not_applicable,reviewed,Pavel,2026-10-04,Review carried forward after a QA-note clarification; source fields and expected business values are unchanged. Initial observation: source displays 401698.90 PLN. Resolution: this is the LOT-0001 estimate (section 5.1.5); the procedure estimate is absent. Procedure value check is not applicable. See docs/QUALITY_NOTES.md.
8579e3490b10c06439682b8967de7f29d470c00210eec678a9d31e9e069d2329,cbca41c41f531e5f18e466021aed36a328072c2310051e3660d95b982966e832,674231-2026,https://ted.europa.eu/en/notice/-/detail/674231-2026,raw/page-0002.json#/notices/36,SW pro SIEM,"Středisko společných činností AV ČR, v. v. i.",CZE,48730000,Security software package,2026-10-01,2026-11-04,5300000,CZK,,match,match,match,match,match,match,reviewed,Pavel,2026-10-04,Review carried forward after a QA-note clarification; source fields and expected business values are unchanged.
8579e3490b10c06439682b8967de7f29d470c00210eec678a9d31e9e069d2329,cbca41c41f531e5f18e466021aed36a328072c2310051e3660d95b982966e832,675288-2026,https://ted.europa.eu/en/notice/-/detail/675288-2026,raw/page-0002.json#/notices/4,Gemeente Leusden - Financieel systeem,Gemeente Leusden,NLD,72000000,"IT services: consulting, software development, Internet and support",2026-10-01,2026-11-17,,,MISSING_PROCEDURE_ESTIMATED_VALUE,match,match,match,match,match,not_applicable,reviewed,Pavel,2026-10-04,Review carried forward after a QA-note clarification; source fields and expected business values are unchanged.
8579e3490b10c06439682b8967de7f29d470c00210eec678a9d31e9e069d2329,cbca41c41f531e5f18e466021aed36a328072c2310051e3660d95b982966e832,677074-2026,https://ted.europa.eu/en/notice/-/detail/677074-2026,raw/page-0001.json#/notices/188,Pořízení datové a výpočetní infrastruktury,"Ústav organické chemie a biochemie AV ČR, v. v. i.",CZE,48820000,Servers,2026-10-01,,,,MULTI_LOT_DEADLINE_OMITTED; MISSING_PROCEDURE_ESTIMATED_VALUE,match,match,match,match,not_applicable,not_applicable,reviewed,Pavel,2026-10-04,Review carried forward after a QA-note clarification; source fields and expected business values are unchanged.
8579e3490b10c06439682b8967de7f29d470c00210eec678a9d31e9e069d2329,cbca41c41f531e5f18e466021aed36a328072c2310051e3660d95b982966e832,677271-2026,https://ted.europa.eu/en/notice/-/detail/677271-2026,raw/page-0001.json#/notices/180,26AS00008041 - Renovação do suporte à solução ExaGrid,"Instituto de Gestão Financeira e Equipamentos da Justiça, IP",PRT,72910000,Computer back-up services,2026-10-01,2026-10-28,296500,EUR,,match,match,match,match,match,match,reviewed,Pavel,2026-10-04,Review carried forward after a QA-note clarification; source fields and expected business values are unchanged.
8579e3490b10c06439682b8967de7f29d470c00210eec678a9d31e9e069d2329,cbca41c41f531e5f18e466021aed36a328072c2310051e3660d95b982966e832,680245-2026,https://ted.europa.eu/en/notice/-/detail/680245-2026,raw/page-0001.json#/notices/41,Ausschreibungsmodul für den deutschen Kapazitätsmarkt,50Hertz Transmission GmbH; Amprion GmbH; TenneT TSO GmbH; TransnetBW GmbH,DEU,72000000,"IT services: consulting, software development, Internet and support",2026-10-02,,999999,EUR,MISSING_DEADLINE,match,match,match,match,not_applicable,match,reviewed,Pavel,2026-10-04,Review carried forward after a QA-note clarification; source fields and expected business values are unchanged.
8579e3490b10c06439682b8967de7f29d470c00210eec678a9d31e9e069d2329,cbca41c41f531e5f18e466021aed36a328072c2310051e3660d95b982966e832,674187-2026,https://ted.europa.eu/en/notice/-/detail/674187-2026,raw/page-0002.json#/notices/38,Tietovaraston ylläpito,Jyväskylän Ammattikorkeakoulu Oy,FIN,72000000,"IT services: consulting, software development, Internet and support",2026-09-30,2026-10-26,,,MISSING_PROCEDURE_ESTIMATED_VALUE,match,match,match,match,match,not_applicable,reviewed,Pavel,2026-10-04,Review carried forward after a QA-note clarification; source fields and expected business values are unchanged.
8579e3490b10c06439682b8967de7f29d470c00210eec678a9d31e9e069d2329,cbca41c41f531e5f18e466021aed36a328072c2310051e3660d95b982966e832,681021-2026,https://ted.europa.eu/en/notice/-/detail/681021-2026,raw/page-0001.json#/notices/12,Microsofti tarkvara kasutusõigus,sihtasutus Tartu Ülikooli Kliinikum,EST,48900000,Miscellaneous software package and computer systems,2026-10-02,2026-11-04,,,MISSING_PROCEDURE_ESTIMATED_VALUE,match,match,match,match,match,not_applicable,reviewed,Pavel,2026-10-04,Review carried forward after a QA-note clarification; source fields and expected business values are unchanged.
8579e3490b10c06439682b8967de7f29d470c00210eec678a9d31e9e069d2329,cbca41c41f531e5f18e466021aed36a328072c2310051e3660d95b982966e832,676741-2026,https://ted.europa.eu/en/notice/-/detail/676741-2026,raw/page-0001.json#/notices/198,Lieferung von Software-Nutzungsrechten Subscription Renewal für AutoCAD-Lizenzen,Landeshauptstadt Hannover - Fachbereich Personal und Organisation,DEU,48000000,Software package and information systems,2026-10-01,2026-11-02,,,MISSING_PROCEDURE_ESTIMATED_VALUE,match,match,match,match,match,not_applicable,reviewed,Pavel,2026-10-04,Review carried forward after a QA-note clarification; source fields and expected business values are unchanged.
8579e3490b10c06439682b8967de7f29d470c00210eec678a9d31e9e069d2329,cbca41c41f531e5f18e466021aed36a328072c2310051e3660d95b982966e832,679302-2026,https://ted.europa.eu/en/notice/-/detail/679302-2026,raw/page-0001.json#/notices/85,Zapewnienie połączeń między lokalizacjami - lokalizacje od 16 do 30,Główny Inspektorat Ochrony Środowiska,POL,72400000,Internet services,2026-10-02,,961261.06,PLN,MULTI_LOT_DEADLINE_OMITTED,match,match,match,match,not_applicable,match,reviewed,Pavel,2026-10-04,Review carried forward after a QA-note clarification; source fields and expected business values are unchanged.
