notice_id,title,source_url,status,raw_ref,reason_code,reason_detail
676179-2026,DNS anycast paslaugų pirkimas,https://ted.europa.eu/en/notice/-/detail/676179-2026,uncertain,raw/page-0001.json#/notices/216,INVALID_VALUE,estimated-value-proc
675507-2026,Kibernetinių grėsmių stebėjimo ir suvaldymo paslaugos,https://ted.europa.eu/en/notice/-/detail/675507-2026,uncertain,raw/page-0001.json#/notices/242,INVALID_VALUE,estimated-value-proc
673441-2026,"Geologijos fondo dokumentų archyvavimo, skaitmeninimo ir elektroninių paslaugų sukūrimo paslaugos",https://ted.europa.eu/en/notice/-/detail/673441-2026,uncertain,raw/page-0002.json#/notices/58,INVALID_VALUE,estimated-value-proc
672959-2026,"33556 Skambučių centro informacinės sistemos diegimo, licencijų ir įrangos nuomos, judriojo ryšio (GSM), vystymo, palaikymo ir priežiūros paslaugos",https://ted.europa.eu/en/notice/-/detail/672959-2026,uncertain,raw/page-0002.json#/notices/70,INVALID_VALUE,estimated-value-proc
672862-2026,DIS Datacenterutrustning inom servrar och lagring,https://ted.europa.eu/en/notice/-/detail/672862-2026,uncertain,raw/page-0002.json#/notices/74,INVALID_VALUE,estimated-value-proc
672466-2026,"Televizijos naujienų tarnybos Dell serverių PowerEdge, saugyklų PowerScale, tinklo įrangos PowerSwitch ir programinės įrangos palaikymas",https://ted.europa.eu/en/notice/-/detail/672466-2026,uncertain,raw/page-0002.json#/notices/91,INVALID_VALUE,estimated-value-proc
670613-2026,Prestation de renfort pour le traitement et le paiement des factures émises par les entreprises et les organismes de formation,https://ted.europa.eu/en/notice/-/detail/670613-2026,uncertain,raw/page-0002.json#/notices/167,INVALID_VALUE,estimated-value-proc
665846-2026,PLATEFORME D'INTERMEDIATION FREELANCE,https://ted.europa.eu/en/notice/-/detail/665846-2026,uncertain,raw/page-0003.json#/notices/81,INVALID_VALUE,estimated-value-proc
665529-2026,Duomenų centro infrastruktūros įsigijimas,https://ted.europa.eu/en/notice/-/detail/665529-2026,uncertain,raw/page-0003.json#/notices/94,INVALID_VALUE,estimated-value-proc
665201-2026,"""Rivilė GAMA"" darbo užmokesčio sistemos palaikymo, vystymo bei licencijos naujinimo paslaugos",https://ted.europa.eu/en/notice/-/detail/665201-2026,uncertain,raw/page-0003.json#/notices/110,INVALID_VALUE,estimated-value-proc
662451-2026,16350 - DAM system for the City of Reykjavík,https://ted.europa.eu/en/notice/-/detail/662451-2026,uncertain,raw/page-0003.json#/notices/201,INVALID_VALUE,estimated-value-proc
660659-2026,Programavimo paslaugų pirkimas,https://ted.europa.eu/en/notice/-/detail/660659-2026,uncertain,raw/page-0004.json#/notices/13,INVALID_VALUE,estimated-value-proc
659100-2026,Aufbau einer gemeinsamen föderierten Identity- und Access-Management-Infrastruktur der Hamburger Hochschulen,https://ted.europa.eu/en/notice/-/detail/659100-2026,uncertain,raw/page-0004.json#/notices/79,INVALID_VALUE,estimated-value-proc
650568-2026,"Vilniaus universiteto Gydytojų rezidentų administravimo informacinės sistemos priežiūros ir vystymo paslaugos, Nr. 6827/2026",https://ted.europa.eu/en/notice/-/detail/650568-2026,uncertain,raw/page-0005.json#/notices/91,INVALID_VALUE,estimated-value-proc
649823-2026,Integrierte Produktionsplanungs- und steuerung BaySF,https://ted.europa.eu/en/notice/-/detail/649823-2026,uncertain,raw/page-0005.json#/notices/106,INVALID_VALUE,estimated-value-proc
646705-2026,"Mission d'Infogérance du système d'information, fournitures de matériels et licences informatiques du Groupe SERL à Lyon (69)",https://ted.europa.eu/en/notice/-/detail/646705-2026,uncertain,raw/page-0005.json#/notices/211,INVALID_VALUE,estimated-value-proc
642818-2026,Radiacinės saugos centro geoinformacinės platformos (RSC GIP) veiklos tęstinumo užtikrinimo priemonės (Skelbiama apklausa),https://ted.europa.eu/en/notice/-/detail/642818-2026,uncertain,raw/page-0006.json#/notices/101,INVALID_VALUE,estimated-value-proc
637657-2026,Serveris su priedais,https://ted.europa.eu/en/notice/-/detail/637657-2026,uncertain,raw/page-0006.json#/notices/243,INVALID_VALUE,estimated-value-proc
635530-2026,HSE 28439 - Restricted Procedure to procure a HSE Enterprise Integration Platform as a Service ( EiPaaS),https://ted.europa.eu/en/notice/-/detail/635530-2026,uncertain,raw/page-0007.json#/notices/46,INVALID_VALUE,estimated-value-proc
634245-2026,33558-2 Integracijų platformos Webmethods paketo licencijų arba lygiaverčių licencijų su lydinčiomis palaikymo paslaugomis nuoma,https://ted.europa.eu/en/notice/-/detail/634245-2026,uncertain,raw/page-0007.json#/notices/88,INVALID_VALUE,estimated-value-proc
633649-2026,Forensiksoftware für Datenträgerauswertungen,https://ted.europa.eu/en/notice/-/detail/633649-2026,uncertain,raw/page-0007.json#/notices/101,INVALID_VALUE,estimated-value-proc
632310-2026,DEVELOPPEMENT DE DEUX APPLICATIONS ET TIERCE MAINTENANCE APPLICATIVE,https://ted.europa.eu/en/notice/-/detail/632310-2026,uncertain,raw/page-0007.json#/notices/146,INVALID_VALUE,estimated-value-proc
628633-2026,Tierce maintenance applicative et prestations associées pour la solution de supervision des réseaux eau et assainissement,https://ted.europa.eu/en/notice/-/detail/628633-2026,uncertain,raw/page-0007.json#/notices/237,INVALID_VALUE,estimated-value-proc
628158-2026,33558 Integracijų platformos Webmethods paketo licencijų arba lygiaverčių licencijų su lydinčiomis palaikymo paslaugomis nuoma,https://ted.europa.eu/en/notice/-/detail/628158-2026,uncertain,raw/page-0008.json#/notices/5,INVALID_VALUE,estimated-value-proc
624172-2026,Pořízení ERP systému pro společnost ACTIVE AGE s. r. o.,https://ted.europa.eu/en/notice/-/detail/624172-2026,uncertain,raw/page-0008.json#/notices/124,INVALID_VALUE,estimated-value-proc
623691-2026,Accord-cadre pour la Mise à disposition d'une solution de multidiffusion d'annonces immobilières pour le groupe Vilogia,https://ted.europa.eu/en/notice/-/detail/623691-2026,uncertain,raw/page-0008.json#/notices/137,INVALID_VALUE,estimated-value-proc
623676-2026,"FINANSŲ APSKAITOS VALDYMO SISTEMOS „MICROSOFT DYNAMICS NAV“ PRIEŽIŪROS, KONSULTAVIMO IR TOBULINIMO PASLAUGOS SAVIVALDYBĖS ADMINISTRACIJAI IR PAVALDŽIOMS ĮSTAIGOMS",https://ted.europa.eu/en/notice/-/detail/623676-2026,uncertain,raw/page-0008.json#/notices/139,INVALID_VALUE,estimated-value-proc
623369-2026,Adobe Creative Cloud licencijų prenumerata,https://ted.europa.eu/en/notice/-/detail/623369-2026,uncertain,raw/page-0008.json#/notices/146,INVALID_VALUE,estimated-value-proc
622533-2026,C-27J Navigacinių duomenų bazės atnaujinimas,https://ted.europa.eu/en/notice/-/detail/622533-2026,uncertain,raw/page-0008.json#/notices/176,INVALID_VALUE,estimated-value-proc
621186-2026,(2026-KKJ-169) DCS valdymo sistemos modernizacija (DCS system upgrade services),https://ted.europa.eu/en/notice/-/detail/621186-2026,uncertain,raw/page-0008.json#/notices/203,INVALID_VALUE,estimated-value-proc
612821-2026,Multimedijos kūrimo programinės įrangos (Adobe Creative Cloud) licencijų prenumerata,https://ted.europa.eu/en/notice/-/detail/612821-2026,uncertain,raw/page-0009.json#/notices/172,INVALID_VALUE,estimated-value-proc
612451-2026,Duomenų perdavimo ir saugaus interneto ryšio nuomos paslaugų pirkimas,https://ted.europa.eu/en/notice/-/detail/612451-2026,uncertain,raw/page-0009.json#/notices/185,INVALID_VALUE,estimated-value-proc
607506-2026,Accord-cadre de Services courants relatif à l'acquisition et à la maintenance d'une solution de Gestion Électronique des Documents (GED) en mode SaaS pour le Crous de Lyon,https://ted.europa.eu/en/notice/-/detail/607506-2026,uncertain,raw/page-0010.json#/notices/63,INVALID_VALUE,estimated-value-proc
605434-2026,PRESTATIONS ACCOMPAGNEMENT RUN/EXPERTISE GIGA/SAILPOINT,https://ted.europa.eu/en/notice/-/detail/605434-2026,uncertain,raw/page-0010.json#/notices/121,INVALID_VALUE,estimated-value-proc
603364-2026,LRT.lt mobilios aplikacijos (Android ir iOS) palaikymo ir vystymo paslaugos,https://ted.europa.eu/en/notice/-/detail/603364-2026,uncertain,raw/page-0010.json#/notices/169,INVALID_VALUE,estimated-value-proc
602643-2026,Plateforme encodage vidéo,https://ted.europa.eu/en/notice/-/detail/602643-2026,uncertain,raw/page-0010.json#/notices/177,INVALID_VALUE,estimated-value-proc
602600-2026,Prestation de service concernant une expertise DATAVIZ.,https://ted.europa.eu/en/notice/-/detail/602600-2026,uncertain,raw/page-0010.json#/notices/178,INVALID_VALUE,estimated-value-proc
601201-2026,IT konsultacijos,https://ted.europa.eu/en/notice/-/detail/601201-2026,uncertain,raw/page-0010.json#/notices/209,INVALID_VALUE,estimated-value-proc
599182-2026,Umsetzung neues Berechtigungsmanagement - Beratungsleistungen und technische Umsetzung (IAM-System),https://ted.europa.eu/en/notice/-/detail/599182-2026,uncertain,raw/page-0010.json#/notices/246,INVALID_VALUE,estimated-value-proc
599149-2026,0055 - The Provision of Security Operations Centre (SOC) and Security Information and Event Management (SIEM) Services,https://ted.europa.eu/en/notice/-/detail/599149-2026,uncertain,raw/page-0010.json#/notices/247,INVALID_VALUE,estimated-value-proc
597299-2026,ASSISTANCE À MAITRISE D'OUVRAGE (AMOA),https://ted.europa.eu/en/notice/-/detail/597299-2026,uncertain,raw/page-0011.json#/notices/31,INVALID_VALUE,estimated-value-proc
594378-2026,Mise à disposition de techniciens de support informatique en renfort de l'équipe interne à l'EPS de VILLE-EVRARD.,https://ted.europa.eu/en/notice/-/detail/594378-2026,uncertain,raw/page-0011.json#/notices/86,INVALID_VALUE,estimated-value-proc
593638-2026,Provision of a website-data analytics-data visualisation services,https://ted.europa.eu/en/notice/-/detail/593638-2026,uncertain,raw/page-0011.json#/notices/105,INVALID_VALUE,estimated-value-proc
589793-2026,"Prestations de référencement naturel (SEO), d'optimisation pour les moteurs génératifs (GEO) et de netlinking",https://ted.europa.eu/en/notice/-/detail/589793-2026,uncertain,raw/page-0011.json#/notices/203,INVALID_VALUE,estimated-value-proc
585412-2026,2026PR056 Request for Tenders (RFT) for the provision of Program Technical Support Services for existing Oracle Licenses to the NTMA,https://ted.europa.eu/en/notice/-/detail/585412-2026,uncertain,raw/page-0012.json#/notices/69,INVALID_VALUE,estimated-value-proc
585365-2026,ERP SIRH,https://ted.europa.eu/en/notice/-/detail/585365-2026,uncertain,raw/page-0012.json#/notices/73,INVALID_VALUE,estimated-value-proc
582085-2026,Valstybės įmonės Registrų centro išduodamų elektroninio parašo sertifikatų valdymo IT sistemos (RCSC CA) sprendimo priežiūros paslaugos,https://ted.europa.eu/en/notice/-/detail/582085-2026,uncertain,raw/page-0012.json#/notices/132,INVALID_VALUE,estimated-value-proc
581748-2026,BSRS palaikymo paslaugos,https://ted.europa.eu/en/notice/-/detail/581748-2026,uncertain,raw/page-0012.json#/notices/135,INVALID_VALUE,estimated-value-proc
579860-2026,Prestations EXPERTISES IT,https://ted.europa.eu/en/notice/-/detail/579860-2026,uncertain,raw/page-0012.json#/notices/181,INVALID_VALUE,estimated-value-proc
574527-2026,Vervanging Document Management Systeem (DMS),https://ted.europa.eu/en/notice/-/detail/574527-2026,uncertain,raw/page-0013.json#/notices/43,INVALID_VALUE,estimated-value-proc
574380-2026,Trócaire RFT Website Development and Maintenance Services,https://ted.europa.eu/en/notice/-/detail/574380-2026,uncertain,raw/page-0013.json#/notices/46,INVALID_VALUE,estimated-value-proc
572344-2026,33596 Ansible Automation Platform licencijos,https://ted.europa.eu/en/notice/-/detail/572344-2026,uncertain,raw/page-0013.json#/notices/92,INVALID_VALUE,estimated-value-proc
571824-2026,DWDM įrangos licencijų palaikymo paslaugos,https://ted.europa.eu/en/notice/-/detail/571824-2026,uncertain,raw/page-0013.json#/notices/104,INVALID_VALUE,estimated-value-proc
570031-2026,0050 - The Provision and Implementation of a Contract Lifecycle Management System,https://ted.europa.eu/en/notice/-/detail/570031-2026,uncertain,raw/page-0013.json#/notices/134,INVALID_VALUE,estimated-value-proc
569824-2026,Fourniture de licences et maintenance d'un progiciel SIRH pour le groupe in'li/Phase candidature,https://ted.europa.eu/en/notice/-/detail/569824-2026,uncertain,raw/page-0013.json#/notices/137,INVALID_VALUE,estimated-value-proc
569220-2026,2026PR071 Request for Tenders (RFT) for the provision of Arctera Enterprise Vault Complete to the National Treasury Management Agency (NTMA),https://ted.europa.eu/en/notice/-/detail/569220-2026,uncertain,raw/page-0013.json#/notices/152,INVALID_VALUE,estimated-value-proc
568739-2026,"Programinės įrangos, naudojamos pažeidimų fiksavimo sistemomis užfiksuotų duomenų apdorojimui ir procesinių sprendimų priėmimui techninės priežiūros ir vystymo paslaugos",https://ted.europa.eu/en/notice/-/detail/568739-2026,uncertain,raw/page-0013.json#/notices/168,INVALID_VALUE,estimated-value-proc
565786-2026,Užklausų ir projektų valdymo sistema,https://ted.europa.eu/en/notice/-/detail/565786-2026,uncertain,raw/page-0013.json#/notices/232,INVALID_VALUE,estimated-value-proc
558728-2026,Ugniasienių pratęsimas,https://ted.europa.eu/en/notice/-/detail/558728-2026,uncertain,raw/page-0014.json#/notices/135,INVALID_VALUE,estimated-value-proc
557166-2026,33572 GeoMap ir Geo 3D programinės įrangos (arba lygiaverčių) licencijos su lydinčiomis palaikymo paslaugomis,https://ted.europa.eu/en/notice/-/detail/557166-2026,uncertain,raw/page-0014.json#/notices/163,INVALID_VALUE,estimated-value-proc
551586-2026,Serveriai su priedais,https://ted.europa.eu/en/notice/-/detail/551586-2026,uncertain,raw/page-0015.json#/notices/40,INVALID_VALUE,estimated-value-proc
548673-2026,Tarnybinė stotis ir diskų lentyna (Ribotas konkursas),https://ted.europa.eu/en/notice/-/detail/548673-2026,uncertain,raw/page-0015.json#/notices/105,INVALID_VALUE,estimated-value-proc
543897-2026,Supply of Software and Hardware for Prevention of Money Laundering and Terrorist Financing (AMLS),https://ted.europa.eu/en/notice/-/detail/543897-2026,uncertain,raw/page-0015.json#/notices/205,INVALID_VALUE,estimated-value-proc
